{
    "accuracy": 0.521416083916084,
    "macro f1": 0.28001920862519436,
    "loss": 1.3770066453860357
}