{
    "accuracy": 0.9983552631578947,
    "macro f1": 0.9983748845798708,
    "loss": 0.005238358357162629
}