{
    "accuracy": 0.9990808823529411,
    "macro f1": 0.9991070431967853,
    "loss": 0.002461844065852775
}