{
    "accuracy": 0.9957386363636364,
    "macro f1": 0.9956891057710149,
    "loss": 0.00839916249837684
}