{
    "accuracy": 0.970108695652174,
    "macro f1": 0.8493495549218769,
    "loss": 0.09435454407787841
}