{
    "accuracy": 0.568374060150376,
    "macro f1": 0.4694852792865835,
    "loss": 1.7961057173578363
}