{
    "accuracy": 0.9663461538461539,
    "macro f1": 0.8551410809975775,
    "loss": 0.10267983226535413
}