{
    "accuracy": 0.9619565217391305,
    "macro f1": 0.82255875266966,
    "loss": 0.1273230713913622
}